modelType,embdDim,lossType,optimType,hiddenDim,startPos,trainType,layerNum,dropout,epoch,learnRate,MSE,MAE,RMSE,meanLoss,totalLoss,modelFile,recordFile,resultFile
LSTM,2,L1Loss,Adam,5,3,mix,1,1,20,0.01,33546151.941493902,1185.9726741836855,5791.903999678681,335.6656105990783,72839.4375,./model/video_actions_session_1/LSTM/embdDim2_lossL1Loss_optimAdam_hiddenDim5_startPos3_trainTypemix_nLayer1_dropout1/2024-03-21(17-17-35).pth,./train_record/video_actions_session_1/LSTM/embdDim2_lossL1Loss_optimAdam_hiddenDim5_startPos3_trainTypemix_nLayer1_dropout1/2024-03-21(17-17-23).csv2024-03-21(17-17-23).csv,./result/epoch202024-03-21(17-17-35).csv
LSTM,2,L1Loss,Adam,5,3,mix,1,1,39,0.009000000000000001,33546084.71423628,1185.960924164796,5791.898196121569,335.5627160138249,72817.109375,./model/video_actions_session_1/LSTM/embdDim2_lossL1Loss_optimAdam_hiddenDim5_startPos3_trainTypemix_nLayer1_dropout1/2024-03-21(17-17-45).pth,./train_record/video_actions_session_1/LSTM/embdDim2_lossL1Loss_optimAdam_hiddenDim5_startPos3_trainTypemix_nLayer1_dropout1/2024-03-21(17-17-23).csv2024-03-21(17-17-23).csv,./result/epoch392024-03-21(17-17-45).csv
LSTM,2,L1Loss,Adam,5,3,mix,1,1,50,0.008,33546797.06912837,1185.983137749664,5791.959691600795,335.5475590437788,72813.8203125,./model/video_actions_session_1/LSTM/embdDim2_lossL1Loss_optimAdam_hiddenDim5_startPos3_trainTypemix_nLayer1_dropout1/2024-03-21(17-17-52).pth,./train_record/video_actions_session_1/LSTM/embdDim2_lossL1Loss_optimAdam_hiddenDim5_startPos3_trainTypemix_nLayer1_dropout1/2024-03-21(17-17-23).csv2024-03-21(17-17-23).csv,./result/2024-03-21(17-17-52).pth
LSTM,2,L1Loss,Adam,5,3,mix,1,1,58,0.007,33546309.0578053,1185.9945511031917,5791.917563105098,335.528081797235,72809.59375,./model/video_actions_session_1/LSTM/embdDim2_lossL1Loss_optimAdam_hiddenDim5_startPos3_trainTypemix_nLayer1_dropout1/2024-03-21(17-17-56).pth,./train_record/video_actions_session_1/LSTM/embdDim2_lossL1Loss_optimAdam_hiddenDim5_startPos3_trainTypemix_nLayer1_dropout1/2024-03-21(17-17-23).csv2024-03-21(17-17-23).csv,./result/epoch582024-03-21(17-17-56).csv
LSTM,2,L1Loss,Adam,5,3,mix,1,1,77,0.006,33547118.856665432,1186.0149368108293,5791.987470347759,335.5193692396313,72807.703125,./model/video_actions_session_1/LSTM/embdDim2_lossL1Loss_optimAdam_hiddenDim5_startPos3_trainTypemix_nLayer1_dropout1/2024-03-21(17-18-06).pth,./train_record/video_actions_session_1/LSTM/embdDim2_lossL1Loss_optimAdam_hiddenDim5_startPos3_trainTypemix_nLayer1_dropout1/2024-03-21(17-17-23).csv2024-03-21(17-17-23).csv,./result/epoch772024-03-21(17-18-06).csv
LSTM,2,L1Loss,Adam,5,3,mix,1,1,79,0.005,33547414.247926973,1186.0367236077022,5792.012970283041,335.50237615207374,72804.015625,./model/video_actions_session_1/LSTM/embdDim2_lossL1Loss_optimAdam_hiddenDim5_startPos3_trainTypemix_nLayer1_dropout1/2024-03-21(17-18-08).pth,./train_record/video_actions_session_1/LSTM/embdDim2_lossL1Loss_optimAdam_hiddenDim5_startPos3_trainTypemix_nLayer1_dropout1/2024-03-21(17-17-23).csv2024-03-21(17-17-23).csv,./result/2024-03-21(17-18-08).pth
LSTM,2,L1Loss,Adam,5,3,mix,1,1,96,0.004,33547370.87704814,1186.0129479515626,5792.009226257166,335.47933467741933,72799.015625,./model/video_actions_session_1/LSTM/embdDim2_lossL1Loss_optimAdam_hiddenDim5_startPos3_trainTypemix_nLayer1_dropout1/2024-03-21(17-18-17).pth,./train_record/video_actions_session_1/LSTM/embdDim2_lossL1Loss_optimAdam_hiddenDim5_startPos3_trainTypemix_nLayer1_dropout1/2024-03-21(17-17-23).csv2024-03-21(17-17-23).csv,./result/epoch962024-03-21(17-18-17).csv
LSTM,2,L1Loss,Adam,5,3,mix,1,1,108,0.003,33547638.511092298,1186.03380338703,5792.032329941909,335.48048675115206,72799.265625,./model/video_actions_session_1/LSTM/embdDim2_lossL1Loss_optimAdam_hiddenDim5_startPos3_trainTypemix_nLayer1_dropout1/2024-03-21(17-18-23).pth,./train_record/video_actions_session_1/LSTM/embdDim2_lossL1Loss_optimAdam_hiddenDim5_startPos3_trainTypemix_nLayer1_dropout1/2024-03-21(17-17-23).csv2024-03-21(17-17-23).csv,./result/2024-03-21(17-18-23).pth
LSTM,2,L1Loss,Adam,5,3,mix,1,1,115,0.002,33547865.87844273,1186.055112950516,5792.051957505451,335.4580933179723,72794.40625,./model/video_actions_session_1/LSTM/embdDim2_lossL1Loss_optimAdam_hiddenDim5_startPos3_trainTypemix_nLayer1_dropout1/2024-03-21(17-18-27).pth,./train_record/video_actions_session_1/LSTM/embdDim2_lossL1Loss_optimAdam_hiddenDim5_startPos3_trainTypemix_nLayer1_dropout1/2024-03-21(17-17-23).csv2024-03-21(17-17-23).csv,./result/epoch1152024-03-21(17-18-27).csv
LSTM,2,L1Loss,Adam,5,3,mix,1,1,134,0.001,33548078.63009558,1186.0518453658326,5792.070323303713,335.4593533986175,72794.6796875,./model/video_actions_session_1/LSTM/embdDim2_lossL1Loss_optimAdam_hiddenDim5_startPos3_trainTypemix_nLayer1_dropout1/2024-03-21(17-18-37).pth,./train_record/video_actions_session_1/LSTM/embdDim2_lossL1Loss_optimAdam_hiddenDim5_startPos3_trainTypemix_nLayer1_dropout1/2024-03-21(17-17-23).csv2024-03-21(17-17-23).csv,./result/epoch1342024-03-21(17-18-37).csv
LSTM,2,L1Loss,Adam,5,3,mix,1,1,137,0.0009,33548060.478780203,1186.0652527179357,5792.068756392676,335.45269297235023,72793.234375,./model/video_actions_session_1/LSTM/embdDim2_lossL1Loss_optimAdam_hiddenDim5_startPos3_trainTypemix_nLayer1_dropout1/2024-03-21(17-18-39).pth,./train_record/video_actions_session_1/LSTM/embdDim2_lossL1Loss_optimAdam_hiddenDim5_startPos3_trainTypemix_nLayer1_dropout1/2024-03-21(17-17-23).csv2024-03-21(17-17-23).csv,./result/2024-03-21(17-18-39).pth
LSTM,2,L1Loss,Adam,5,3,mix,1,1,153,0.0007999999999999999,33548144.146589037,1186.0584637587392,5792.075979006926,335.4503888248848,72792.734375,./model/video_actions_session_1/LSTM/embdDim2_lossL1Loss_optimAdam_hiddenDim5_startPos3_trainTypemix_nLayer1_dropout1/2024-03-21(17-18-47).pth,./train_record/video_actions_session_1/LSTM/embdDim2_lossL1Loss_optimAdam_hiddenDim5_startPos3_trainTypemix_nLayer1_dropout1/2024-03-21(17-17-23).csv2024-03-21(17-17-23).csv,./result/epoch1532024-03-21(17-18-47).csv
LSTM,2,L1Loss,Adam,5,3,mix,1,1,166,0.0006999999999999999,33548258.1613928,1186.0586351251882,5792.085821307623,335.44308035714283,72791.1484375,./model/video_actions_session_1/LSTM/embdDim2_lossL1Loss_optimAdam_hiddenDim5_startPos3_trainTypemix_nLayer1_dropout1/2024-03-21(17-18-54).pth,./train_record/video_actions_session_1/LSTM/embdDim2_lossL1Loss_optimAdam_hiddenDim5_startPos3_trainTypemix_nLayer1_dropout1/2024-03-21(17-17-23).csv2024-03-21(17-17-23).csv,./result/2024-03-21(17-18-54).pth
LSTM,2,L1Loss,Adam,5,3,mix,1,1,172,0.0005999999999999998,33548515.50069688,1186.0629261022912,5792.108036000095,335.4515769009217,72792.9921875,./model/video_actions_session_1/LSTM/embdDim2_lossL1Loss_optimAdam_hiddenDim5_startPos3_trainTypemix_nLayer1_dropout1/2024-03-21(17-18-58).pth,./train_record/video_actions_session_1/LSTM/embdDim2_lossL1Loss_optimAdam_hiddenDim5_startPos3_trainTypemix_nLayer1_dropout1/2024-03-21(17-17-23).csv2024-03-21(17-17-23).csv,./result/epoch1722024-03-21(17-18-58).csv
LSTM,2,L1Loss,Adam,5,3,mix,1,1,191,0.0004999999999999998,33548231.212024804,1186.0588801672934,5792.083494911378,335.4444124423963,72791.4375,./model/video_actions_session_1/LSTM/embdDim2_lossL1Loss_optimAdam_hiddenDim5_startPos3_trainTypemix_nLayer1_dropout1/2024-03-21(17-19-08).pth,./train_record/video_actions_session_1/LSTM/embdDim2_lossL1Loss_optimAdam_hiddenDim5_startPos3_trainTypemix_nLayer1_dropout1/2024-03-21(17-17-23).csv2024-03-21(17-17-23).csv,./result/epoch1912024-03-21(17-19-08).csv
LSTM,2,L1Loss,Adam,5,3,mix,1,1,195,0.0003999999999999998,33548280.381222703,1186.0647280741018,5792.087739427184,335.437752016129,72789.9921875,./model/video_actions_session_1/LSTM/embdDim2_lossL1Loss_optimAdam_hiddenDim5_startPos3_trainTypemix_nLayer1_dropout1/2024-03-21(17-19-10).pth,./train_record/video_actions_session_1/LSTM/embdDim2_lossL1Loss_optimAdam_hiddenDim5_startPos3_trainTypemix_nLayer1_dropout1/2024-03-21(17-17-23).csv2024-03-21(17-17-23).csv,./result/2024-03-21(17-19-10).pth
LSTM,2,L1Loss,Adam,5,3,mix,1,1,210,0.0002999999999999998,33548118.025559176,1186.0536149395139,5792.073724112908,335.4481926843318,72792.2578125,./model/video_actions_session_1/LSTM/embdDim2_lossL1Loss_optimAdam_hiddenDim5_startPos3_trainTypemix_nLayer1_dropout1/2024-03-21(17-19-18).pth,./train_record/video_actions_session_1/LSTM/embdDim2_lossL1Loss_optimAdam_hiddenDim5_startPos3_trainTypemix_nLayer1_dropout1/2024-03-21(17-17-23).csv2024-03-21(17-17-23).csv,./result/epoch2102024-03-21(17-19-18).csv
LSTM,2,L1Loss,Adam,5,3,mix,1,1,224,0.00019999999999999982,33548269.88035732,1186.0645630803792,5792.086832943488,335.44081221198155,72790.65625,./model/video_actions_session_1/LSTM/embdDim2_lossL1Loss_optimAdam_hiddenDim5_startPos3_trainTypemix_nLayer1_dropout1/2024-03-21(17-19-25).pth,./train_record/video_actions_session_1/LSTM/embdDim2_lossL1Loss_optimAdam_hiddenDim5_startPos3_trainTypemix_nLayer1_dropout1/2024-03-21(17-17-23).csv2024-03-21(17-17-23).csv,./result/2024-03-21(17-19-25).pth
LSTM,2,L1Loss,Adam,5,3,mix,1,1,19,0.01,8171.058531733692,20.439404567310937,90.39390760296676,5.293300646241359,1148.646240234375,./model/video_actions_session_1/LSTM/embdDim2_lossL1Loss_optimAdam_hiddenDim5_startPos3_trainTypemix_nLayer1_dropout1/2024-03-21(17-23-20).pth,./train_record/video_actions_session_1/LSTM/embdDim2_lossL1Loss_optimAdam_hiddenDim5_startPos3_trainTypemix_nLayer1_dropout1/2024-03-21(17-23-09).csv2024-03-21(17-23-09).csv,./result/epoch192024-03-21(17-23-20).csv
LSTM,2,L1Loss,Adam,5,3,mix,1,1,29,0.009000000000000001,8171.278873748368,20.44363839232496,90.39512638272247,5.291689543130761,1148.296630859375,./model/video_actions_session_1/LSTM/embdDim2_lossL1Loss_optimAdam_hiddenDim5_startPos3_trainTypemix_nLayer1_dropout1/2024-03-21(17-23-26).pth,./train_record/video_actions_session_1/LSTM/embdDim2_lossL1Loss_optimAdam_hiddenDim5_startPos3_trainTypemix_nLayer1_dropout1/2024-03-21(17-23-09).csv2024-03-21(17-23-09).csv,./result/2024-03-21(17-23-26).pth
LSTM,2,L1Loss,Adam,5,3,mix,1,1,38,0.008,8171.16037998332,20.441341169516665,90.39447095914285,5.291971936203917,1148.35791015625,./model/video_actions_session_1/LSTM/embdDim2_lossL1Loss_optimAdam_hiddenDim5_startPos3_trainTypemix_nLayer1_dropout1/2024-03-21(17-23-30).pth,./train_record/video_actions_session_1/LSTM/embdDim2_lossL1Loss_optimAdam_hiddenDim5_startPos3_trainTypemix_nLayer1_dropout1/2024-03-21(17-23-09).csv2024-03-21(17-23-09).csv,./result/epoch382024-03-21(17-23-30).csv
LSTM,2,L1Loss,Adam,5,3,mix,1,1,57,0.007,8171.173652848931,20.441603963830257,90.39454437547064,5.291742421514977,1148.30810546875,./model/video_actions_session_1/LSTM/embdDim2_lossL1Loss_optimAdam_hiddenDim5_startPos3_trainTypemix_nLayer1_dropout1/2024-03-21(17-23-40).pth,./train_record/video_actions_session_1/LSTM/embdDim2_lossL1Loss_optimAdam_hiddenDim5_startPos3_trainTypemix_nLayer1_dropout1/2024-03-21(17-23-09).csv2024-03-21(17-23-09).csv,./result/epoch572024-03-21(17-23-40).csv
LSTM,2,L1Loss,Adam,5,3,mix,1,1,58,0.006,8171.205524919597,20.442211714139052,90.39472066951475,5.291363272249424,1148.225830078125,./model/video_actions_session_1/LSTM/embdDim2_lossL1Loss_optimAdam_hiddenDim5_startPos3_trainTypemix_nLayer1_dropout1/2024-03-21(17-23-41).pth,./train_record/video_actions_session_1/LSTM/embdDim2_lossL1Loss_optimAdam_hiddenDim5_startPos3_trainTypemix_nLayer1_dropout1/2024-03-21(17-23-09).csv2024-03-21(17-23-09).csv,./result/2024-03-21(17-23-41).pth
LSTM,2,L1Loss,Adam,5,3,mix,1,1,76,0.005,8171.211835949893,20.44233265398709,90.39475557768765,5.291244577152938,1148.2000732421875,./model/video_actions_session_1/LSTM/embdDim2_lossL1Loss_optimAdam_hiddenDim5_startPos3_trainTypemix_nLayer1_dropout1/2024-03-21(17-23-50).pth,./train_record/video_actions_session_1/LSTM/embdDim2_lossL1Loss_optimAdam_hiddenDim5_startPos3_trainTypemix_nLayer1_dropout1/2024-03-21(17-23-09).csv2024-03-21(17-23-09).csv,./result/epoch762024-03-21(17-23-50).csv
LSTM,2,L1Loss,Adam,5,3,mix,1,1,87,0.004,8171.221375290028,20.442517262834627,90.39480834257036,5.291141633064516,1148.177734375,./model/video_actions_session_1/LSTM/embdDim2_lossL1Loss_optimAdam_hiddenDim5_startPos3_trainTypemix_nLayer1_dropout1/2024-03-21(17-23-56).pth,./train_record/video_actions_session_1/LSTM/embdDim2_lossL1Loss_optimAdam_hiddenDim5_startPos3_trainTypemix_nLayer1_dropout1/2024-03-21(17-23-09).csv2024-03-21(17-23-09).csv,./result/2024-03-21(17-23-56).pth
LSTM,2,L1Loss,Adam,5,3,mix,1,1,95,0.003,8171.252535348111,20.44312169646079,90.39498069775838,5.290848551807316,1148.1141357421875,./model/video_actions_session_1/LSTM/embdDim2_lossL1Loss_optimAdam_hiddenDim5_startPos3_trainTypemix_nLayer1_dropout1/2024-03-21(17-24-01).pth,./train_record/video_actions_session_1/LSTM/embdDim2_lossL1Loss_optimAdam_hiddenDim5_startPos3_trainTypemix_nLayer1_dropout1/2024-03-21(17-23-09).csv2024-03-21(17-23-09).csv,./result/epoch952024-03-21(17-24-01).csv
LSTM,2,L1Loss,Adam,5,3,mix,1,1,114,0.002,8171.286809331074,20.443803837508298,90.39517027657547,5.290774297055012,1148.0980224609375,./model/video_actions_session_1/LSTM/embdDim2_lossL1Loss_optimAdam_hiddenDim5_startPos3_trainTypemix_nLayer1_dropout1/2024-03-21(17-24-11).pth,./train_record/video_actions_session_1/LSTM/embdDim2_lossL1Loss_optimAdam_hiddenDim5_startPos3_trainTypemix_nLayer1_dropout1/2024-03-21(17-23-09).csv2024-03-21(17-23-09).csv,./result/epoch1142024-03-21(17-24-11).csv
LSTM,2,L1Loss,Adam,5,3,mix,1,1,116,0.001,8171.2806077306695,20.443663957936746,90.39513597384911,5.290679228470622,1148.077392578125,./model/video_actions_session_1/LSTM/embdDim2_lossL1Loss_optimAdam_hiddenDim5_startPos3_trainTypemix_nLayer1_dropout1/2024-03-21(17-24-12).pth,./train_record/video_actions_session_1/LSTM/embdDim2_lossL1Loss_optimAdam_hiddenDim5_startPos3_trainTypemix_nLayer1_dropout1/2024-03-21(17-23-09).csv2024-03-21(17-23-09).csv,./result/2024-03-21(17-24-12).pth
LSTM,2,L1Loss,Adam,5,3,mix,1,1,133,0.0009,8171.287046374991,20.443807825419928,90.39517158772912,5.290635350662442,1148.06787109375,./model/video_actions_session_1/LSTM/embdDim2_lossL1Loss_optimAdam_hiddenDim5_startPos3_trainTypemix_nLayer1_dropout1/2024-03-21(17-24-21).pth,./train_record/video_actions_session_1/LSTM/embdDim2_lossL1Loss_optimAdam_hiddenDim5_startPos3_trainTypemix_nLayer1_dropout1/2024-03-21(17-23-09).csv2024-03-21(17-23-09).csv,./result/epoch1332024-03-21(17-24-21).csv
LSTM,2,L1Loss,Adam,5,3,mix,1,1,145,0.0007999999999999999,8171.283184608433,20.443714683553207,90.39515022725739,5.2906404134864635,1148.0689697265625,./model/video_actions_session_1/LSTM/embdDim2_lossL1Loss_optimAdam_hiddenDim5_startPos3_trainTypemix_nLayer1_dropout1/2024-03-21(17-24-27).pth,./train_record/video_actions_session_1/LSTM/embdDim2_lossL1Loss_optimAdam_hiddenDim5_startPos3_trainTypemix_nLayer1_dropout1/2024-03-21(17-23-09).csv2024-03-21(17-23-09).csv,./result/2024-03-21(17-24-27).pth
LSTM,2,L1Loss,Adam,5,3,mix,1,1,152,0.0006999999999999999,8171.282344136433,20.44369836347442,90.39514557837956,5.290655601958525,1148.072265625,./model/video_actions_session_1/LSTM/embdDim2_lossL1Loss_optimAdam_hiddenDim5_startPos3_trainTypemix_nLayer1_dropout1/2024-03-21(17-24-31).pth,./train_record/video_actions_session_1/LSTM/embdDim2_lossL1Loss_optimAdam_hiddenDim5_startPos3_trainTypemix_nLayer1_dropout1/2024-03-21(17-23-09).csv2024-03-21(17-23-09).csv,./result/epoch1522024-03-21(17-24-31).csv
LSTM,2,L1Loss,Adam,5,3,mix,1,1,171,0.0005999999999999998,8171.280323969421,20.443659515414563,90.39513440428871,5.290658977174539,1148.072998046875,./model/video_actions_session_1/LSTM/embdDim2_lossL1Loss_optimAdam_hiddenDim5_startPos3_trainTypemix_nLayer1_dropout1/2024-03-21(17-24-42).pth,./train_record/video_actions_session_1/LSTM/embdDim2_lossL1Loss_optimAdam_hiddenDim5_startPos3_trainTypemix_nLayer1_dropout1/2024-03-21(17-23-09).csv2024-03-21(17-23-09).csv,./result/epoch1712024-03-21(17-24-42).csv
LSTM,2,L1Loss,Adam,5,3,mix,1,1,174,0.0004999999999999998,8171.285415333949,20.443766861203148,90.39516256600211,5.2906004734303,1148.060302734375,./model/video_actions_session_1/LSTM/embdDim2_lossL1Loss_optimAdam_hiddenDim5_startPos3_trainTypemix_nLayer1_dropout1/2024-03-21(17-24-43).pth,./train_record/video_actions_session_1/LSTM/embdDim2_lossL1Loss_optimAdam_hiddenDim5_startPos3_trainTypemix_nLayer1_dropout1/2024-03-21(17-23-09).csv2024-03-21(17-23-09).csv,./result/2024-03-21(17-24-43).pth
LSTM,2,L1Loss,Adam,5,3,mix,1,1,190,0.0003999999999999998,8171.287501708787,20.443817909558856,90.39517410630275,5.290623537406394,1148.0653076171875,./model/video_actions_session_1/LSTM/embdDim2_lossL1Loss_optimAdam_hiddenDim5_startPos3_trainTypemix_nLayer1_dropout1/2024-03-21(17-24-52).pth,./train_record/video_actions_session_1/LSTM/embdDim2_lossL1Loss_optimAdam_hiddenDim5_startPos3_trainTypemix_nLayer1_dropout1/2024-03-21(17-23-09).csv2024-03-21(17-23-09).csv,./result/epoch1902024-03-21(17-24-52).csv
LSTM,2,L1Loss,Adam,5,3,mix,1,1,203,0.0002999999999999998,8171.281274471684,20.443678224312034,90.39513966177431,5.290597098214286,1148.0595703125,./model/video_actions_session_1/LSTM/embdDim2_lossL1Loss_optimAdam_hiddenDim5_startPos3_trainTypemix_nLayer1_dropout1/2024-03-21(17-24-59).pth,./train_record/video_actions_session_1/LSTM/embdDim2_lossL1Loss_optimAdam_hiddenDim5_startPos3_trainTypemix_nLayer1_dropout1/2024-03-21(17-23-09).csv2024-03-21(17-23-09).csv,./result/2024-03-21(17-24-59).pth
LSTM,2,L1Loss,Adam,5,3,mix,1,1,209,0.00019999999999999982,8171.284997090187,20.443755961833315,90.39516025258314,5.290577971990207,1148.055419921875,./model/video_actions_session_1/LSTM/embdDim2_lossL1Loss_optimAdam_hiddenDim5_startPos3_trainTypemix_nLayer1_dropout1/2024-03-21(17-25-02).pth,./train_record/video_actions_session_1/LSTM/embdDim2_lossL1Loss_optimAdam_hiddenDim5_startPos3_trainTypemix_nLayer1_dropout1/2024-03-21(17-23-09).csv2024-03-21(17-23-09).csv,./result/epoch2092024-03-21(17-25-02).csv
LSTM,2,L1Loss,Adam,5,3,mix,1,1,23,0.01,2293112.253457139,345.38704752971887,1514.3025633793065,548.2375,120612.25,./model/video_actions_session_1/LSTM/embdDim2_lossL1Loss_optimAdam_hiddenDim5_startPos3_trainTypemix_nLayer1_dropout1/2024-03-22(10-02-28).pth,./train_record/video_actions_session_1/LSTM/embdDim2_lossL1Loss_optimAdam_hiddenDim5_startPos3_trainTypemix_nLayer1_dropout1/2024-03-22(10-02-16).csv2024-03-22(10-02-16).csv,./result/epoch232024-03-22(10-02-28).csv
LSTM,2,L1Loss,Adam,5,3,mix,1,1,42,0.009000000000000001,2293080.0593811376,345.3444609136724,1514.2919333408395,548.1380326704545,120590.3671875,./model/video_actions_session_1/LSTM/embdDim2_lossL1Loss_optimAdam_hiddenDim5_startPos3_trainTypemix_nLayer1_dropout1/2024-03-22(10-02-37).pth,./train_record/video_actions_session_1/LSTM/embdDim2_lossL1Loss_optimAdam_hiddenDim5_startPos3_trainTypemix_nLayer1_dropout1/2024-03-22(10-02-16).csv2024-03-22(10-02-16).csv,./result/epoch422024-03-22(10-02-37).csv
LSTM,2,L1Loss,Adam,5,3,mix,1,1,53,0.008,2293068.4581019846,345.3326834723152,1514.2881027406854,548.1296164772727,120588.515625,./model/video_actions_session_1/LSTM/embdDim2_lossL1Loss_optimAdam_hiddenDim5_startPos3_trainTypemix_nLayer1_dropout1/2024-03-22(10-02-42).pth,./train_record/video_actions_session_1/LSTM/embdDim2_lossL1Loss_optimAdam_hiddenDim5_startPos3_trainTypemix_nLayer1_dropout1/2024-03-22(10-02-16).csv2024-03-22(10-02-16).csv,./result/2024-03-22(10-02-42).pth
LSTM,2,L1Loss,Adam,5,3,mix,1,1,61,0.007,2292905.5918066767,345.35700975420235,1514.2343252636551,548.1326704545454,120589.1875,./model/video_actions_session_1/LSTM/embdDim2_lossL1Loss_optimAdam_hiddenDim5_startPos3_trainTypemix_nLayer1_dropout1/2024-03-22(10-02-46).pth,./train_record/video_actions_session_1/LSTM/embdDim2_lossL1Loss_optimAdam_hiddenDim5_startPos3_trainTypemix_nLayer1_dropout1/2024-03-22(10-02-16).csv2024-03-22(10-02-16).csv,./result/epoch612024-03-22(10-02-46).csv
LSTM,2,L1Loss,Adam,5,3,mix,1,1,80,0.006,2293124.0489315116,345.3114866680302,1514.306458063067,548.0957741477273,120581.0703125,./model/video_actions_session_1/LSTM/embdDim2_lossL1Loss_optimAdam_hiddenDim5_startPos3_trainTypemix_nLayer1_dropout1/2024-03-22(10-02-55).pth,./train_record/video_actions_session_1/LSTM/embdDim2_lossL1Loss_optimAdam_hiddenDim5_startPos3_trainTypemix_nLayer1_dropout1/2024-03-22(10-02-16).csv2024-03-22(10-02-16).csv,./result/epoch802024-03-22(10-02-55).csv
LSTM,2,L1Loss,Adam,5,3,mix,1,1,82,0.005,2293046.731624465,345.29477486900834,1514.280928898091,548.0878551136364,120579.328125,./model/video_actions_session_1/LSTM/embdDim2_lossL1Loss_optimAdam_hiddenDim5_startPos3_trainTypemix_nLayer1_dropout1/2024-03-22(10-02-56).pth,./train_record/video_actions_session_1/LSTM/embdDim2_lossL1Loss_optimAdam_hiddenDim5_startPos3_trainTypemix_nLayer1_dropout1/2024-03-22(10-02-16).csv2024-03-22(10-02-16).csv,./result/2024-03-22(10-02-56).pth
LSTM,2,L1Loss,Adam,5,3,mix,1,1,99,0.004,2293153.134038634,345.3090998521282,1514.3160614741673,548.0791193181818,120577.40625,./model/video_actions_session_1/LSTM/embdDim2_lossL1Loss_optimAdam_hiddenDim5_startPos3_trainTypemix_nLayer1_dropout1/2024-03-22(10-03-04).pth,./train_record/video_actions_session_1/LSTM/embdDim2_lossL1Loss_optimAdam_hiddenDim5_startPos3_trainTypemix_nLayer1_dropout1/2024-03-22(10-02-16).csv2024-03-22(10-02-16).csv,./result/epoch992024-03-22(10-03-04).csv
LSTM,2,L1Loss,Adam,5,3,mix,1,1,111,0.003,2293163.3528137035,345.3052903181781,1514.319435526634,548.0651988636364,120574.34375,./model/video_actions_session_1/LSTM/embdDim2_lossL1Loss_optimAdam_hiddenDim5_startPos3_trainTypemix_nLayer1_dropout1/2024-03-22(10-03-10).pth,./train_record/video_actions_session_1/LSTM/embdDim2_lossL1Loss_optimAdam_hiddenDim5_startPos3_trainTypemix_nLayer1_dropout1/2024-03-22(10-02-16).csv2024-03-22(10-02-16).csv,./result/2024-03-22(10-03-10).pth
LSTM,2,L1Loss,Adam,5,3,mix,1,1,118,0.002,2293346.093272183,345.3135037132247,1514.3797718116098,548.0626775568181,120573.7890625,./model/video_actions_session_1/LSTM/embdDim2_lossL1Loss_optimAdam_hiddenDim5_startPos3_trainTypemix_nLayer1_dropout1/2024-03-22(10-03-14).pth,./train_record/video_actions_session_1/LSTM/embdDim2_lossL1Loss_optimAdam_hiddenDim5_startPos3_trainTypemix_nLayer1_dropout1/2024-03-22(10-02-16).csv2024-03-22(10-02-16).csv,./result/epoch1182024-03-22(10-03-14).csv
LSTM,2,L1Loss,Adam,5,3,mix,1,1,137,0.001,2293248.8486705995,345.3031058756797,1514.3476643989648,548.058700284091,120572.9140625,./model/video_actions_session_1/LSTM/embdDim2_lossL1Loss_optimAdam_hiddenDim5_startPos3_trainTypemix_nLayer1_dropout1/2024-03-22(10-03-23).pth,./train_record/video_actions_session_1/LSTM/embdDim2_lossL1Loss_optimAdam_hiddenDim5_startPos3_trainTypemix_nLayer1_dropout1/2024-03-22(10-02-16).csv2024-03-22(10-02-16).csv,./result/epoch1372024-03-22(10-03-23).csv
LSTM,2,L1Loss,Adam,5,3,mix,1,1,140,0.0009,2293205.2543053385,345.292255842801,1514.333270553526,548.0551491477273,120572.1328125,./model/video_actions_session_1/LSTM/embdDim2_lossL1Loss_optimAdam_hiddenDim5_startPos3_trainTypemix_nLayer1_dropout1/2024-03-22(10-03-24).pth,./train_record/video_actions_session_1/LSTM/embdDim2_lossL1Loss_optimAdam_hiddenDim5_startPos3_trainTypemix_nLayer1_dropout1/2024-03-22(10-02-16).csv2024-03-22(10-02-16).csv,./result/2024-03-22(10-03-24).pth
LSTM,2,L1Loss,Adam,5,3,mix,1,1,156,0.0007999999999999999,2293217.793511601,345.29387075088937,1514.3374107217985,548.0485795454546,120570.6875,./model/video_actions_session_1/LSTM/embdDim2_lossL1Loss_optimAdam_hiddenDim5_startPos3_trainTypemix_nLayer1_dropout1/2024-03-22(10-03-32).pth,./train_record/video_actions_session_1/LSTM/embdDim2_lossL1Loss_optimAdam_hiddenDim5_startPos3_trainTypemix_nLayer1_dropout1/2024-03-22(10-02-16).csv2024-03-22(10-02-16).csv,./result/epoch1562024-03-22(10-03-32).csv
LSTM,2,L1Loss,Adam,5,3,mix,1,1,169,0.0006999999999999999,2293260.8753520064,345.2966877794986,1514.3516353053562,548.0518821022728,120571.4140625,./model/video_actions_session_1/LSTM/embdDim2_lossL1Loss_optimAdam_hiddenDim5_startPos3_trainTypemix_nLayer1_dropout1/2024-03-22(10-03-38).pth,./train_record/video_actions_session_1/LSTM/embdDim2_lossL1Loss_optimAdam_hiddenDim5_startPos3_trainTypemix_nLayer1_dropout1/2024-03-22(10-02-16).csv2024-03-22(10-02-16).csv,./result/2024-03-22(10-03-38).pth
LSTM,2,L1Loss,Adam,5,3,mix,1,1,175,0.0005999999999999998,2292989.8837229414,345.28727465295776,1514.262158188912,548.0567826704546,120572.4921875,./model/video_actions_session_1/LSTM/embdDim2_lossL1Loss_optimAdam_hiddenDim5_startPos3_trainTypemix_nLayer1_dropout1/2024-03-22(10-03-41).pth,./train_record/video_actions_session_1/LSTM/embdDim2_lossL1Loss_optimAdam_hiddenDim5_startPos3_trainTypemix_nLayer1_dropout1/2024-03-22(10-02-16).csv2024-03-22(10-02-16).csv,./result/epoch1752024-03-22(10-03-41).csv
LSTM,2,L1Loss,Adam,5,3,mix,1,1,194,0.0004999999999999998,2293204.5358046205,345.27951703266655,1514.3330333201545,548.0458096590909,120570.078125,./model/video_actions_session_1/LSTM/embdDim2_lossL1Loss_optimAdam_hiddenDim5_startPos3_trainTypemix_nLayer1_dropout1/2024-03-22(10-03-50).pth,./train_record/video_actions_session_1/LSTM/embdDim2_lossL1Loss_optimAdam_hiddenDim5_startPos3_trainTypemix_nLayer1_dropout1/2024-03-22(10-02-16).csv2024-03-22(10-02-16).csv,./result/epoch1942024-03-22(10-03-50).csv
LSTM,2,L1Loss,Adam,5,3,mix,1,1,198,0.0003999999999999998,2293168.156310392,345.289705485705,1514.321021550712,548.0456321022727,120570.0390625,./model/video_actions_session_1/LSTM/embdDim2_lossL1Loss_optimAdam_hiddenDim5_startPos3_trainTypemix_nLayer1_dropout1/2024-03-22(10-03-52).pth,./train_record/video_actions_session_1/LSTM/embdDim2_lossL1Loss_optimAdam_hiddenDim5_startPos3_trainTypemix_nLayer1_dropout1/2024-03-22(10-02-16).csv2024-03-22(10-02-16).csv,./result/2024-03-22(10-03-52).pth
LSTM,2,L1Loss,Adam,5,3,mix,1,1,213,0.0002999999999999998,2293303.9688036987,345.2913627467732,1514.3658635890135,548.048934659091,120570.765625,./model/video_actions_session_1/LSTM/embdDim2_lossL1Loss_optimAdam_hiddenDim5_startPos3_trainTypemix_nLayer1_dropout1/2024-03-22(10-03-59).pth,./train_record/video_actions_session_1/LSTM/embdDim2_lossL1Loss_optimAdam_hiddenDim5_startPos3_trainTypemix_nLayer1_dropout1/2024-03-22(10-02-16).csv2024-03-22(10-02-16).csv,./result/epoch2132024-03-22(10-03-59).csv
LSTM,2,L1Loss,Adam,5,3,mix,1,1,227,0.00019999999999999982,2293246.830901338,345.3025165819398,1514.3469981815058,548.0548650568181,120572.0703125,./model/video_actions_session_1/LSTM/embdDim2_lossL1Loss_optimAdam_hiddenDim5_startPos3_trainTypemix_nLayer1_dropout1/2024-03-22(10-04-06).pth,./train_record/video_actions_session_1/LSTM/embdDim2_lossL1Loss_optimAdam_hiddenDim5_startPos3_trainTypemix_nLayer1_dropout1/2024-03-22(10-02-16).csv2024-03-22(10-02-16).csv,./result/2024-03-22(10-04-06).pth
LSTM,2,L1Loss,Adam,5,3,mix,1,1,23,0.01,2812887.5387820727,407.47934354594196,1677.1665208863647,538.2776331018518,116267.96875,./model/video_actions_session_1/LSTM/embdDim2_lossL1Loss_optimAdam_hiddenDim5_startPos3_trainTypemix_nLayer1_dropout1/2024-03-26(19-57-05).pth,./train_record/video_actions_session_1/LSTM/embdDim2_lossL1Loss_optimAdam_hiddenDim5_startPos3_trainTypemix_nLayer1_dropout1/2024-03-26(19-56-54).csv2024-03-26(19-56-54).csv,./result/epoch232024-03-26(19-57-05).csv
LSTM,2,L1Loss,Adam,5,3,mix,1,1,42,0.009000000000000001,2813103.71774473,407.4601961734941,1677.2309673222499,538.2206669560185,116255.6640625,./model/video_actions_session_1/LSTM/embdDim2_lossL1Loss_optimAdam_hiddenDim5_startPos3_trainTypemix_nLayer1_dropout1/2024-03-26(19-57-13).pth,./train_record/video_actions_session_1/LSTM/embdDim2_lossL1Loss_optimAdam_hiddenDim5_startPos3_trainTypemix_nLayer1_dropout1/2024-03-26(19-56-54).csv2024-03-26(19-56-54).csv,./result/epoch422024-03-26(19-57-13).csv
LSTM,2,L1Loss,Adam,5,3,mix,1,1,45,0.008,2813206.0396093326,407.4658128596969,1677.2614702571966,538.2025101273148,116251.7421875,./model/video_actions_session_1/LSTM/embdDim2_lossL1Loss_optimAdam_hiddenDim5_startPos3_trainTypemix_nLayer1_dropout1/2024-03-26(19-57-15).pth,./train_record/video_actions_session_1/LSTM/embdDim2_lossL1Loss_optimAdam_hiddenDim5_startPos3_trainTypemix_nLayer1_dropout1/2024-03-26(19-56-54).csv2024-03-26(19-56-54).csv,./result/2024-03-26(19-57-15).pth
LSTM,2,L1Loss,Adam,5,3,mix,1,1,61,0.007,2813247.5800872445,407.4728630079051,1677.273853634893,538.1822554976852,116247.3671875,./model/video_actions_session_1/LSTM/embdDim2_lossL1Loss_optimAdam_hiddenDim5_startPos3_trainTypemix_nLayer1_dropout1/2024-03-26(19-57-21).pth,./train_record/video_actions_session_1/LSTM/embdDim2_lossL1Loss_optimAdam_hiddenDim5_startPos3_trainTypemix_nLayer1_dropout1/2024-03-26(19-56-54).csv2024-03-26(19-56-54).csv,./result/epoch612024-03-26(19-57-21).csv
LSTM,2,L1Loss,Adam,5,3,mix,1,1,74,0.006,2813228.9935973175,407.4991805401899,1677.268312941408,538.1673177083334,116244.140625,./model/video_actions_session_1/LSTM/embdDim2_lossL1Loss_optimAdam_hiddenDim5_startPos3_trainTypemix_nLayer1_dropout1/2024-03-26(19-57-27).pth,./train_record/video_actions_session_1/LSTM/embdDim2_lossL1Loss_optimAdam_hiddenDim5_startPos3_trainTypemix_nLayer1_dropout1/2024-03-26(19-56-54).csv2024-03-26(19-56-54).csv,./result/2024-03-26(19-57-27).pth
LSTM,2,L1Loss,Adam,5,3,mix,1,1,80,0.005,2813272.4089409867,407.49490506305534,1677.2812551689078,538.1655454282408,116243.7578125,./model/video_actions_session_1/LSTM/embdDim2_lossL1Loss_optimAdam_hiddenDim5_startPos3_trainTypemix_nLayer1_dropout1/2024-03-26(19-57-30).pth,./train_record/video_actions_session_1/LSTM/embdDim2_lossL1Loss_optimAdam_hiddenDim5_startPos3_trainTypemix_nLayer1_dropout1/2024-03-26(19-56-54).csv2024-03-26(19-56-54).csv,./result/epoch802024-03-26(19-57-30).csv
LSTM,2,L1Loss,Adam,5,3,mix,1,1,99,0.004,2813258.708214988,407.5049170776949,1677.2771709574383,538.1428313078703,116238.8515625,./model/video_actions_session_1/LSTM/embdDim2_lossL1Loss_optimAdam_hiddenDim5_startPos3_trainTypemix_nLayer1_dropout1/2024-03-26(19-57-39).pth,./train_record/video_actions_session_1/LSTM/embdDim2_lossL1Loss_optimAdam_hiddenDim5_startPos3_trainTypemix_nLayer1_dropout1/2024-03-26(19-56-54).csv2024-03-26(19-56-54).csv,./result/epoch992024-03-26(19-57-39).csv
LSTM,2,L1Loss,Adam,5,3,mix,1,1,103,0.003,2813272.7418602007,407.5139355932252,1677.2813544126104,538.1470269097222,116239.7578125,./model/video_actions_session_1/LSTM/embdDim2_lossL1Loss_optimAdam_hiddenDim5_startPos3_trainTypemix_nLayer1_dropout1/2024-03-26(19-57-41).pth,./train_record/video_actions_session_1/LSTM/embdDim2_lossL1Loss_optimAdam_hiddenDim5_startPos3_trainTypemix_nLayer1_dropout1/2024-03-26(19-56-54).csv2024-03-26(19-56-54).csv,./result/2024-03-26(19-57-41).pth
LSTM,2,L1Loss,Adam,5,3,mix,1,1,118,0.002,2813296.0025734985,407.5004157306784,1677.2882884505866,538.1215277777778,116234.25,./model/video_actions_session_1/LSTM/embdDim2_lossL1Loss_optimAdam_hiddenDim5_startPos3_trainTypemix_nLayer1_dropout1/2024-03-26(19-57-48).pth,./train_record/video_actions_session_1/LSTM/embdDim2_lossL1Loss_optimAdam_hiddenDim5_startPos3_trainTypemix_nLayer1_dropout1/2024-03-26(19-56-54).csv2024-03-26(19-56-54).csv,./result/epoch1182024-03-26(19-57-48).csv
LSTM,2,L1Loss,Adam,5,3,mix,1,1,132,0.001,2813319.9631079296,407.50107662687867,1677.2954310758523,538.1257957175926,116235.171875,./model/video_actions_session_1/LSTM/embdDim2_lossL1Loss_optimAdam_hiddenDim5_startPos3_trainTypemix_nLayer1_dropout1/2024-03-26(19-57-55).pth,./train_record/video_actions_session_1/LSTM/embdDim2_lossL1Loss_optimAdam_hiddenDim5_startPos3_trainTypemix_nLayer1_dropout1/2024-03-26(19-56-54).csv2024-03-26(19-56-54).csv,./result/2024-03-26(19-57-55).pth
LSTM,2,L1Loss,Adam,5,3,mix,1,1,137,0.0009,2813335.493729884,407.4978904162423,1677.300060731497,538.1227213541666,116234.5078125,./model/video_actions_session_1/LSTM/embdDim2_lossL1Loss_optimAdam_hiddenDim5_startPos3_trainTypemix_nLayer1_dropout1/2024-03-26(19-57-57).pth,./train_record/video_actions_session_1/LSTM/embdDim2_lossL1Loss_optimAdam_hiddenDim5_startPos3_trainTypemix_nLayer1_dropout1/2024-03-26(19-56-54).csv2024-03-26(19-56-54).csv,./result/epoch1372024-03-26(19-57-57).csv
LSTM,2,L1Loss,Adam,5,3,mix,1,1,156,0.0007999999999999999,2813303.820403663,407.49938859656703,1677.2906189458233,538.1194299768518,116233.796875,./model/video_actions_session_1/LSTM/embdDim2_lossL1Loss_optimAdam_hiddenDim5_startPos3_trainTypemix_nLayer1_dropout1/2024-03-26(19-58-07).pth,./train_record/video_actions_session_1/LSTM/embdDim2_lossL1Loss_optimAdam_hiddenDim5_startPos3_trainTypemix_nLayer1_dropout1/2024-03-26(19-56-54).csv2024-03-26(19-56-54).csv,./result/epoch1562024-03-26(19-58-07).csv
LSTM,2,L1Loss,Adam,5,3,mix,1,1,161,0.0006999999999999999,2813302.391926551,407.5033926406149,1677.290193117026,538.1076750578703,116231.2578125,./model/video_actions_session_1/LSTM/embdDim2_lossL1Loss_optimAdam_hiddenDim5_startPos3_trainTypemix_nLayer1_dropout1/2024-03-26(19-58-10).pth,./train_record/video_actions_session_1/LSTM/embdDim2_lossL1Loss_optimAdam_hiddenDim5_startPos3_trainTypemix_nLayer1_dropout1/2024-03-26(19-56-54).csv2024-03-26(19-56-54).csv,./result/2024-03-26(19-58-10).pth
LSTM,2,L1Loss,Adam,5,3,mix,1,1,175,0.0005999999999999998,2813301.102560848,407.5008924859055,1677.2898087572248,538.1213469328703,116234.2109375,./model/video_actions_session_1/LSTM/embdDim2_lossL1Loss_optimAdam_hiddenDim5_startPos3_trainTypemix_nLayer1_dropout1/2024-03-26(19-58-19).pth,./train_record/video_actions_session_1/LSTM/embdDim2_lossL1Loss_optimAdam_hiddenDim5_startPos3_trainTypemix_nLayer1_dropout1/2024-03-26(19-56-54).csv2024-03-26(19-56-54).csv,./result/epoch1752024-03-26(19-58-19).csv
LSTM,2,L1Loss,Adam,5,3,mix,1,1,190,0.0004999999999999998,2813314.318591297,407.5003542315152,1677.29374845055,538.1089771412037,116231.5390625,./model/video_actions_session_1/LSTM/embdDim2_lossL1Loss_optimAdam_hiddenDim5_startPos3_trainTypemix_nLayer1_dropout1/2024-03-26(19-58-27).pth,./train_record/video_actions_session_1/LSTM/embdDim2_lossL1Loss_optimAdam_hiddenDim5_startPos3_trainTypemix_nLayer1_dropout1/2024-03-26(19-56-54).csv2024-03-26(19-56-54).csv,./result/2024-03-26(19-58-27).pth
LSTM,2,L1Loss,Adam,5,3,mix,1,1,194,0.0003999999999999998,2813297.443067549,407.5034014151258,1677.2887178621183,538.11328125,116232.46875,./model/video_actions_session_1/LSTM/embdDim2_lossL1Loss_optimAdam_hiddenDim5_startPos3_trainTypemix_nLayer1_dropout1/2024-03-26(19-58-29).pth,./train_record/video_actions_session_1/LSTM/embdDim2_lossL1Loss_optimAdam_hiddenDim5_startPos3_trainTypemix_nLayer1_dropout1/2024-03-26(19-56-54).csv2024-03-26(19-56-54).csv,./result/epoch1942024-03-26(19-58-29).csv
LSTM,2,L1Loss,Adam,5,3,mix,1,1,213,0.0002999999999999998,2813290.731401153,407.4982212407104,1677.2867171122393,538.1126302083334,116232.328125,./model/video_actions_session_1/LSTM/embdDim2_lossL1Loss_optimAdam_hiddenDim5_startPos3_trainTypemix_nLayer1_dropout1/2024-03-26(19-58-40).pth,./train_record/video_actions_session_1/LSTM/embdDim2_lossL1Loss_optimAdam_hiddenDim5_startPos3_trainTypemix_nLayer1_dropout1/2024-03-26(19-56-54).csv2024-03-26(19-56-54).csv,./result/epoch2132024-03-26(19-58-40).csv
LSTM,2,L1Loss,Adam,5,3,mix,1,1,219,0.00019999999999999982,2813325.502261594,407.50465632414415,1677.2970822909083,538.1176576967592,116233.4140625,./model/video_actions_session_1/LSTM/embdDim2_lossL1Loss_optimAdam_hiddenDim5_startPos3_trainTypemix_nLayer1_dropout1/2024-03-26(19-58-43).pth,./train_record/video_actions_session_1/LSTM/embdDim2_lossL1Loss_optimAdam_hiddenDim5_startPos3_trainTypemix_nLayer1_dropout1/2024-03-26(19-56-54).csv2024-03-26(19-56-54).csv,./result/2024-03-26(19-58-43).pth
